fname,lname,full_name
John,Smith,"John Smith"
Franklin,Wong,"Franklin Wong"
Joyce,English,"Joyce English"
Ramesh,Narayan,"Ramesh Narayan"
James,Borg,"James Borg"
Advait,Chavan,"Advait Chavan"
Jennifer,Wallace,"Jennifer Wallace"
Ahmad,Jabbar,"Ahmad Jabbar"
Alicia,Zelaya,"Alicia Zelaya"
